{"train_loss": {"min": 11.789875984191895}, "train_score": {"max": 0.099609375}, "val_score": {"max": 0.080078125}, "_runtime": 23, "_timestamp": 1644484914, "_step": 0, "_wandb": {"runtime": 24}}